{"cameraMode":{"drawMode":0,"name":"Shaded","section":"Shading Mode"},"sceneLighting":false,"audioPlay":false,"sceneViewState":{"showFog":true,"showMaterialUpdate":false,"showSkybox":false,"showFlares":true,"showImageEffects":true,"showParticleSystems":true},"in2DMode":false,"pivot":{"x":344.02752685546877,"y":4.948381423950195,"z":241.24649047851563},"rotation":{"x":-0.1312454491853714,"y":-0.534588098526001,"z":0.08381891250610352,"w":-0.8310205340385437},"size":2.3345248699188234,"orthographic":false}