{"cameraMode":{"drawMode":0,"name":"Shaded","section":"Shading Mode"},"sceneLighting":false,"audioPlay":false,"sceneViewState":{"showFog":true,"showMaterialUpdate":false,"showSkybox":false,"showFlares":true,"showImageEffects":true,"showParticleSystems":true},"in2DMode":false,"pivot":{"x":-0.45380258560180666,"y":9.178193092346192,"z":11.193253517150879},"rotation":{"x":0.28288906812667849,"y":-0.030860556289553644,"z":0.007879401557147503,"w":0.9589921832084656},"size":10.0,"orthographic":false}