{"cameraMode":{"drawMode":0,"name":"Shaded","section":"Shading Mode"},"sceneLighting":true,"audioPlay":false,"sceneViewState":{"showFog":true,"showMaterialUpdate":false,"showSkybox":true,"showFlares":true,"showImageEffects":true,"showParticleSystems":true},"in2DMode":false,"pivot":{"x":269.3563232421875,"y":-44.64361572265625,"z":205.5567169189453},"rotation":{"x":-0.1670084446668625,"y":-0.8312732577323914,"z":0.3543037176132202,"w":-0.3953380882740021},"size":86.43963623046875,"orthographic":false}